day_of_year,day_of_month,day_of_week,week_,month_,quarter_,year_,event_count
1,1,3,0,1,1,2019,720838
1,1,4,0,1,1,2020,1019080
2,2,4,0,1,1,2019,1261340
2,2,5,0,1,1,2020,1637942
3,3,5,0,1,1,2019,1345160
3,3,6,0,1,1,2020,1699764
4,4,6,0,1,1,2019,1309086
4,4,7,0,1,1,2020,1249995
5,5,7,0,1,1,2019,914157
5,5,1,1,1,1,2020,1261524
6,6,2,1,1,1,2020,1907953
7,7,3,1,1,1,2020,2021558
8,8,4,1,1,1,2020,2061974
9,9,5,1,1,1,2020,2131272
10,10,6,1,1,1,2020,2019677
11,11,7,1,1,1,2020,1301877
12,12,1,2,1,1,2020,1325848
13,13,2,2,1,1,2020,2109781
14,14,3,2,1,1,2020,2156485
32,1,5,4,2,1,2018,1535560
32,1,6,4,2,1,2019,1403705
33,2,6,4,2,1,2018,1443583
33,2,7,4,2,1,2019,957092
34,3,7,4,2,1,2018,996909
34,3,1,5,2,1,2019,919768
35,4,1,5,2,1,2018,1007116
35,4,2,5,2,1,2019,1355038
36,5,2,5,2,1,2018,1496026
36,5,3,5,2,1,2019,1439441
37,6,3,5,2,1,2018,1575658
37,6,4,5,2,1,2019,1594722
38,7,4,5,2,1,2018,1595455
38,7,5,5,2,1,2019,1633404
39,8,5,5,2,1,2018,1544492
39,8,6,5,2,1,2019,1634801
40,9,6,5,2,1,2018,1452750
40,9,7,5,2,1,2019,1198775
41,10,7,5,2,1,2018,977374
41,10,1,6,2,1,2019,1211093
42,11,1,6,2,1,2018,1066740
42,11,2,6,2,1,2019,1768560
43,12,2,6,2,1,2018,1467823
43,12,3,6,2,1,2019,1891952
44,13,3,6,2,1,2018,1463053
44,13,4,6,2,1,2019,1879278
45,14,4,6,2,1,2018,1404338
45,14,5,6,2,1,2019,1823316
46,15,5,6,2,1,2018,1369892
46,15,6,6,2,1,2019,1704660
47,16,6,6,2,1,2018,1329219
47,16,7,6,2,1,2019,1150241
48,17,7,6,2,1,2018,934023
48,17,1,7,2,1,2019,1174420
49,18,1,7,2,1,2018,961461
49,18,2,7,2,1,2019,1785377
50,19,2,7,2,1,2018,1372410
50,19,3,7,2,1,2019,1882803
51,20,3,7,2,1,2018,1458535
51,20,4,7,2,1,2019,1878243
52,21,4,7,2,1,2018,1487987
52,21,5,7,2,1,2019,1893181
53,22,5,7,2,1,2018,1509805
53,22,6,7,2,1,2019,1787995
54,23,6,7,2,1,2018,1429002
54,23,7,7,2,1,2019,1194008
55,24,7,7,2,1,2018,1063258
55,24,1,8,2,1,2019,1234331
56,25,1,8,2,1,2018,1056811
56,25,2,8,2,1,2019,1924226
57,26,2,8,2,1,2018,1580140
57,26,3,8,2,1,2019,2009651
58,27,3,8,2,1,2018,1656398
58,27,4,8,2,1,2019,1923071
59,28,4,8,2,1,2018,1617043
59,28,5,8,2,1,2019,1894941
60,1,5,8,3,1,2018,1598068
60,1,6,8,3,1,2019,1747814
61,2,6,8,3,1,2018,1494298
61,2,7,8,3,1,2019,1214507
62,3,7,8,3,1,2018,1032710
62,3,1,9,3,1,2019,1237916
63,4,1,9,3,1,2018,1064922
63,4,2,9,3,1,2019,1876243
64,5,2,9,3,1,2018,1628254
64,5,3,9,3,1,2019,1912467
65,6,3,9,3,1,2018,1653373
65,6,4,9,3,1,2019,1904967
66,7,4,9,3,1,2018,1637024
66,7,5,9,3,1,2019,1902955
67,8,5,9,3,1,2018,1507571
67,8,6,9,3,1,2019,1741877
68,9,6,9,3,1,2018,1539503
68,9,7,9,3,1,2019,1195575
69,10,7,9,3,1,2018,1072188
69,10,1,10,3,1,2019,1231049
70,11,1,10,3,1,2018,1119090
70,11,2,10,3,1,2019,1891992
71,12,2,10,3,1,2018,1621172
71,12,3,10,3,1,2019,1918414
72,13,3,10,3,1,2018,1646754
72,13,4,10,3,1,2019,1802183
73,14,4,10,3,1,2018,1693427
73,14,5,10,3,1,2019,1906164
74,15,5,10,3,1,2018,1671967
74,15,6,10,3,1,2019,1757964
75,16,6,10,3,1,2018,1541258
75,16,7,10,3,1,2019,1153675
76,17,7,10,3,1,2018,1050464
76,17,1,11,3,1,2019,1189471
77,18,1,11,3,1,2018,1069457
77,18,2,11,3,1,2019,1891290
78,19,2,11,3,1,2018,1627318
78,19,3,11,3,1,2019,1944320
79,20,3,11,3,1,2018,1706973
79,20,4,11,3,1,2019,1984382
80,21,4,11,3,1,2018,1706036
80,21,5,11,3,1,2019,1881011
81,22,5,11,3,1,2018,1676331
81,22,6,11,3,1,2019,1780762
82,23,6,11,3,1,2018,1541512
82,23,7,11,3,1,2019,1174747
83,24,7,11,3,1,2018,1089997
83,24,1,12,3,1,2019,1243378
84,25,1,12,3,1,2018,1095384
84,25,2,12,3,1,2019,1877924
85,26,2,12,3,1,2018,1536862
85,26,3,12,3,1,2019,1987818
86,27,3,12,3,1,2018,1630849
86,27,4,12,3,1,2019,1942830
87,28,5,12,3,1,2019,1998131
87,28,4,12,3,1,2018,1642587
88,29,5,12,3,1,2018,1426503
88,29,6,12,3,1,2019,1890513
89,30,6,12,3,1,2018,1361388
89,30,7,12,3,1,2019,1248539
90,31,7,12,3,1,2018,1003764
90,31,1,13,3,1,2019,1205519
91,1,1,13,4,2,2018,987388
91,1,2,13,4,2,2019,1864225
92,2,2,13,4,2,2018,1456010
92,2,3,13,4,2,2019,1989278
93,3,3,13,4,2,2018,993945
93,3,4,13,4,2,2019,1994220
94,4,5,13,4,2,2019,1959813
95,5,5,13,4,2,2018,610826
95,5,6,13,4,2,2019,1682800
96,6,6,13,4,2,2018,1362561
96,6,7,13,4,2,2019,1133556
97,7,7,13,4,2,2018,952880
97,7,1,14,4,2,2019,1231442
98,8,1,14,4,2,2018,1043843
98,8,2,14,4,2,2019,1983136
99,9,2,14,4,2,2018,1522539
99,9,3,14,4,2,2019,1815750
100,10,3,14,4,2,2018,1625091
100,10,4,14,4,2,2019,1995154
101,11,4,14,4,2,2018,1613295
101,11,5,14,4,2,2019,1930626
102,12,5,14,4,2,2018,1597618
102,12,6,14,4,2,2019,1818809
103,13,6,14,4,2,2018,1465279
103,13,7,14,4,2,2019,1213140
104,14,7,14,4,2,2018,978929
104,14,1,15,4,2,2019,1230377
105,15,1,15,4,2,2018,994089
105,15,2,15,4,2,2019,1857094
106,16,2,15,4,2,2018,1560196
106,16,3,15,4,2,2019,1962432
107,17,3,15,4,2,2018,1615042
107,17,4,15,4,2,2019,1866750
108,18,4,15,4,2,2018,1606092
108,18,5,15,4,2,2019,1783497
109,19,5,15,4,2,2018,1579728
109,19,6,15,4,2,2019,1545986
110,20,6,15,4,2,2018,1530780
110,20,7,15,4,2,2019,1109098
111,21,7,15,4,2,2018,1019163
111,21,1,16,4,2,2019,1104139
112,22,1,16,4,2,2018,1047432
112,22,2,16,4,2,2019,1740128
113,23,2,16,4,2,2018,1548073
113,23,3,16,4,2,2019,1977780
114,24,3,16,4,2,2018,1601541
114,24,4,16,4,2,2019,1967315
115,25,4,16,4,2,2018,1572947
115,25,5,16,4,2,2019,1900963
116,26,5,16,4,2,2018,1541385
116,26,6,16,4,2,2019,1767713
117,27,6,16,4,2,2018,1350154
117,27,7,16,4,2,2019,1170934
118,28,7,16,4,2,2018,1025602
118,28,1,17,4,2,2019,1293283
119,29,1,17,4,2,2018,951988
119,29,2,17,4,2,2019,1833270
120,30,2,17,4,2,2018,1243689
120,30,3,17,4,2,2019,1858827
121,1,3,17,5,2,2018,1214583
121,1,4,17,5,2,2019,1548831
122,2,4,17,5,2,2018,1397772
122,2,5,17,5,2,2019,1753541
123,3,5,17,5,2,2018,1410379
123,3,6,17,5,2,2019,1636042
124,4,6,17,5,2,2018,1322233
124,4,7,17,5,2,2019,1169493
125,5,7,17,5,2,2018,883714
125,5,1,18,5,2,2019,1308060
126,6,1,18,5,2,2018,900309
126,6,2,18,5,2,2019,1824052
127,7,2,18,5,2,2018,1398961
127,7,3,18,5,2,2019,1903718
128,8,3,18,5,2,2018,1463849
128,8,4,18,5,2,2019,1643195
129,9,4,18,5,2,2018,1446788
129,9,5,18,5,2,2019,1847545
130,10,5,18,5,2,2018,1409420
130,10,6,18,5,2,2019,1763159
131,11,6,18,5,2,2018,1324633
131,11,7,18,5,2,2019,1145406
132,12,7,18,5,2,2018,955192
132,12,1,19,5,2,2019,1158940
133,13,1,19,5,2,2018,966381
133,13,2,19,5,2,2019,1839282
134,14,2,19,5,2,2018,1467970
134,14,3,19,5,2,2019,1949326
135,15,3,19,5,2,2018,1430594
135,15,4,19,5,2,2019,1913048
136,16,4,19,5,2,2018,1435074
136,16,5,19,5,2,2019,1885404
137,17,5,19,5,2,2018,1427746
137,17,6,19,5,2,2019,1720294
138,18,6,19,5,2,2018,1374450
138,18,7,19,5,2,2019,1104451
139,19,7,19,5,2,2018,893087
139,19,1,20,5,2,2019,1156454
140,20,1,20,5,2,2018,896910
140,20,2,20,5,2,2019,1798921
141,21,2,20,5,2,2018,1368588
141,21,3,20,5,2,2019,1905163
142,22,3,20,5,2,2018,1453616
142,22,4,20,5,2,2019,1881536
143,23,4,20,5,2,2018,1499806
143,23,5,20,5,2,2019,1893509
144,24,5,20,5,2,2018,1454833
144,24,6,20,5,2,2019,1743111
145,25,6,20,5,2,2018,1405289
145,25,7,20,5,2,2019,1112112
146,26,7,20,5,2,2018,866978
146,26,1,21,5,2,2019,1100546
147,27,1,21,5,2,2018,903775
147,27,2,21,5,2,2019,1652018
148,28,2,21,5,2,2018,1315778
148,28,3,21,5,2,2019,1879353
149,29,3,21,5,2,2018,1372524
149,29,4,21,5,2,2019,1794698
150,30,4,21,5,2,2018,1461613
150,30,5,21,5,2,2019,1818088
151,31,5,21,5,2,2018,1493818
151,31,6,21,5,2,2019,1767137
152,1,6,21,6,2,2018,1405428
152,1,7,21,6,2,2019,1126928
153,2,7,21,6,2,2018,930657
153,2,1,22,6,2,2019,1139035
154,3,1,22,6,2,2018,939473
154,3,2,22,6,2,2019,1814669
155,4,2,22,6,2,2018,1493031
155,4,3,22,6,2,2019,1892186
156,5,3,22,6,2,2018,1553721
156,5,4,22,6,2,2019,1901771
157,6,4,22,6,2,2018,1538773
157,6,5,22,6,2,2019,1883925
158,7,6,22,6,2,2019,1620873
158,7,5,22,6,2,2018,1509827
159,8,7,22,6,2,2019,1052975
159,8,6,22,6,2,2018,1351891
160,9,7,22,6,2,2018,901389
160,9,1,23,6,2,2019,1096905
161,10,1,23,6,2,2018,915764
161,10,2,23,6,2,2019,1781086
162,11,2,23,6,2,2018,1491690
162,11,3,23,6,2,2019,1911290
163,12,3,23,6,2,2018,1583212
163,12,4,23,6,2,2019,1902919
164,13,4,23,6,2,2018,1529835
164,13,5,23,6,2,2019,1888395
165,14,5,23,6,2,2018,1476609
165,14,6,23,6,2,2019,1698211
166,15,6,23,6,2,2018,1322594
166,15,7,23,6,2,2019,1053556
167,16,7,23,6,2,2018,787701
167,16,1,24,6,2,2019,1080995
168,17,1,24,6,2,2018,800702
168,17,2,24,6,2,2019,1767629
169,18,2,24,6,2,2018,1336609
169,18,3,24,6,2,2019,1827763
170,19,3,24,6,2,2018,1490261
170,19,4,24,6,2,2019,1816924
171,20,4,24,6,2,2018,1490854
171,20,5,24,6,2,2019,1789041
172,21,5,24,6,2,2018,1448136
172,21,6,24,6,2,2019,1676880
173,22,6,24,6,2,2018,1333051
173,22,7,24,6,2,2019,1073483
174,23,7,24,6,2,2018,841910
174,23,1,25,6,2,2019,1104918
175,24,1,25,6,2,2018,854899
175,24,2,25,6,2,2019,1814237
176,25,2,25,6,2,2018,1445365
176,25,3,25,6,2,2019,1902909
177,26,3,25,6,2,2018,1511643
177,26,4,25,6,2,2019,1854221
178,27,4,25,6,2,2018,1466216
178,27,5,25,6,2,2019,1851563
179,28,5,25,6,2,2018,1425370
179,28,6,25,6,2,2019,1620147
180,29,6,25,6,2,2018,1351506
180,29,7,25,6,2,2019,1022344
181,30,7,25,6,2,2018,828236
181,30,1,26,6,2,2019,1029105
182,1,1,26,7,3,2018,836921
182,1,2,26,7,3,2019,1769908
183,2,2,26,7,3,2018,1398538
183,2,3,26,7,3,2019,1821940
184,3,3,26,7,3,2018,1439333
184,3,4,26,7,3,2019,1821597
185,4,4,26,7,3,2018,1287010
185,4,5,26,7,3,2019,1626164
186,5,5,26,7,3,2018,1363125
186,5,6,26,7,3,2019,1542819
187,6,7,26,7,3,2019,1042264
187,6,6,26,7,3,2018,1295993
188,7,7,26,7,3,2018,812169
188,7,1,27,7,3,2019,1056395
189,8,1,27,7,3,2018,838881
189,8,2,27,7,3,2019,1815399
190,9,2,27,7,3,2018,1442788
190,9,3,27,7,3,2019,1905903
191,10,3,27,7,3,2018,1505927
191,10,4,27,7,3,2019,1890747
192,11,4,27,7,3,2018,1490509
192,11,5,27,7,3,2019,1977572
193,12,6,27,7,3,2019,1785644
193,12,5,27,7,3,2018,1455928
194,13,6,27,7,3,2018,1349684
194,13,7,27,7,3,2019,1126995
195,14,7,27,7,3,2018,826053
195,14,1,28,7,3,2019,1117579
196,15,1,28,7,3,2018,789450
196,15,2,28,7,3,2019,1853870
197,16,2,28,7,3,2018,1334108
197,16,3,28,7,3,2019,1900727
198,17,3,28,7,3,2018,1421722
198,17,4,28,7,3,2019,1930143
199,18,4,28,7,3,2018,1324575
199,18,5,28,7,3,2019,1886137
200,19,5,28,7,3,2018,1406364
200,19,6,28,7,3,2019,1838548
201,20,6,28,7,3,2018,1296750
201,20,7,28,7,3,2019,1103711
202,21,7,28,7,3,2018,798252
202,21,1,29,7,3,2019,1127414
203,22,1,29,7,3,2018,818753
203,22,2,29,7,3,2019,1900838
204,23,2,29,7,3,2018,1389172
204,23,3,29,7,3,2019,1997273
205,24,3,29,7,3,2018,1450968
205,24,4,29,7,3,2019,1915450
206,25,5,29,7,3,2019,1795099
206,25,4,29,7,3,2018,1441675
207,26,5,29,7,3,2018,1409617
207,26,6,29,7,3,2019,1684488
208,27,6,29,7,3,2018,1326334
208,27,7,29,7,3,2019,1078331
209,28,7,29,7,3,2018,897525
209,28,1,30,7,3,2019,1140583
210,29,1,30,7,3,2018,868607
210,29,2,30,7,3,2019,1874390
211,30,2,30,7,3,2018,1411797
211,30,3,30,7,3,2019,1958348
212,31,3,30,7,3,2018,1431691
212,31,4,30,7,3,2019,1916686
213,1,4,30,8,3,2018,1417380
213,1,5,30,8,3,2019,1893163
214,2,5,30,8,3,2018,1423376
214,2,6,30,8,3,2019,1733793
215,3,6,30,8,3,2018,1353455
215,3,7,30,8,3,2019,1097951
216,4,7,30,8,3,2018,804824
216,4,1,31,8,3,2019,1114396
217,5,1,31,8,3,2018,797735
217,5,2,31,8,3,2019,1839557
218,6,2,31,8,3,2018,1368710
218,6,3,31,8,3,2019,1893727
219,7,3,31,8,3,2018,1444771
219,7,4,31,8,3,2019,1900357
220,8,4,31,8,3,2018,1420151
220,8,5,31,8,3,2019,1881233
221,9,5,31,8,3,2018,1390712
221,9,6,31,8,3,2019,1775735
222,10,6,31,8,3,2018,1287430
222,10,7,31,8,3,2019,1145995
223,11,7,31,8,3,2018,829599
223,11,1,32,8,3,2019,1121925
224,12,1,32,8,3,2018,838095
224,12,2,32,8,3,2019,1803129
225,13,2,32,8,3,2018,1373468
225,13,3,32,8,3,2019,1896088
226,14,3,32,8,3,2018,1416187
226,14,4,32,8,3,2019,1885763
227,15,4,32,8,3,2018,1335266
227,15,5,32,8,3,2019,1727115
228,16,5,32,8,3,2018,1366656
228,16,6,32,8,3,2019,1705848
229,17,6,32,8,3,2018,1289693
229,17,7,32,8,3,2019,1135087
230,18,7,32,8,3,2018,797406
230,18,1,33,8,3,2019,1216029
231,19,1,33,8,3,2018,817184
231,19,2,33,8,3,2019,1920062
232,20,2,33,8,3,2018,1341309
232,20,3,33,8,3,2019,1953542
233,21,3,33,8,3,2018,1404366
233,21,4,33,8,3,2019,1987623
234,22,4,33,8,3,2018,1419010
234,22,5,33,8,3,2019,1914495
235,23,5,33,8,3,2018,1391984
235,23,6,33,8,3,2019,1763678
236,24,6,33,8,3,2018,1314919
236,24,7,33,8,3,2019,1145412
237,25,7,33,8,3,2018,860602
237,25,1,34,8,3,2019,1155210
238,26,1,34,8,3,2018,845503
238,26,2,34,8,3,2019,1717798
239,27,2,34,8,3,2018,1362406
239,27,3,34,8,3,2019,1831225
240,28,3,34,8,3,2018,1481956
240,28,4,34,8,3,2019,1886763
241,29,4,34,8,3,2018,1457553
241,29,5,34,8,3,2019,2008449
242,30,5,34,8,3,2018,1423544
242,30,6,34,8,3,2019,1794530
243,31,6,34,8,3,2018,1290877
243,31,7,34,8,3,2019,1147875
244,1,7,34,9,3,2018,818269
244,1,1,35,9,3,2019,1191723
245,2,1,35,9,3,2018,812892
245,2,2,35,9,3,2019,1741771
246,3,2,35,9,3,2018,1223990
246,3,3,35,9,3,2019,1946974
247,4,3,35,9,3,2018,1420544
247,4,4,35,9,3,2019,2005132
248,5,4,35,9,3,2018,1453502
248,5,5,35,9,3,2019,1964734
249,6,5,35,9,3,2018,1442773
249,6,6,35,9,3,2019,1837289
250,7,6,35,9,3,2018,1326775
250,7,7,35,9,3,2019,1206862
251,8,7,35,9,3,2018,841736
251,8,1,36,9,3,2019,1282728
252,9,1,36,9,3,2018,890927
252,9,2,36,9,3,2019,2025158
253,10,2,36,9,3,2018,1443725
253,10,3,36,9,3,2019,2025022
254,11,3,36,9,3,2018,1478073
254,11,4,36,9,3,2019,1961705
255,12,4,36,9,3,2018,1474771
255,12,5,36,9,3,2019,557535
256,13,5,36,9,3,2018,1439447
256,13,6,36,9,3,2019,1302173
257,14,6,36,9,3,2018,1347979
257,14,7,36,9,3,2019,1199614
258,15,7,36,9,3,2018,843245
258,15,1,37,9,3,2019,1234468
259,16,1,37,9,3,2018,868260
259,16,2,37,9,3,2019,2004406
260,17,2,37,9,3,2018,1455259
260,17,3,37,9,3,2019,2059502
261,18,3,37,9,3,2018,1503641
261,18,4,37,9,3,2019,2049011
262,19,4,37,9,3,2018,1496388
262,19,5,37,9,3,2019,2007409
263,20,5,37,9,3,2018,1490585
263,20,6,37,9,3,2019,1832207
264,21,6,37,9,3,2018,1388897
264,21,7,37,9,3,2019,1212122
265,22,7,37,9,3,2018,893369
265,22,1,38,9,3,2019,1268967
266,23,1,38,9,3,2018,901466
266,23,2,38,9,3,2019,1984532
267,24,2,38,9,3,2018,1339814
267,24,3,38,9,3,2019,1944549
268,25,3,38,9,3,2018,1557946
268,25,4,38,9,3,2019,2052643
269,26,4,38,9,3,2018,1586627
269,26,5,38,9,3,2019,2019504
270,27,5,38,9,3,2018,1541844
270,27,6,38,9,3,2019,1870400
271,28,6,38,9,3,2018,1382268
271,28,7,38,9,3,2019,1266779
272,29,7,38,9,3,2018,948327
272,29,1,39,9,3,2019,1364833
273,30,1,39,9,3,2018,952921
273,30,2,39,9,3,2019,1991135
274,1,2,39,10,4,2018,1460180
274,1,3,39,10,4,2019,1984662
275,2,3,39,10,4,2018,1521165
275,2,4,39,10,4,2019,1968591
276,3,4,39,10,4,2018,1480068
276,3,5,39,10,4,2019,1926387
277,4,5,39,10,4,2018,1496718
277,4,6,39,10,4,2019,1875251
278,5,6,39,10,4,2018,1374221
278,5,7,39,10,4,2019,1272283
279,6,7,39,10,4,2018,920769
279,6,1,40,10,4,2019,1307321
280,7,1,40,10,4,2018,946293
280,7,2,40,10,4,2019,1957084
281,8,2,40,10,4,2018,1519705
281,8,3,40,10,4,2019,2054601
282,9,3,40,10,4,2018,1593521
282,9,4,40,10,4,2019,2084869
283,10,4,40,10,4,2018,1573040
283,10,5,40,10,4,2019,1965824
284,11,5,40,10,4,2018,1558989
284,11,6,40,10,4,2019,1914586
285,12,6,40,10,4,2018,1435931
285,12,7,40,10,4,2019,1377168
286,13,1,41,10,4,2019,1318244
286,13,7,40,10,4,2018,947761
287,14,1,41,10,4,2018,973098
287,14,2,41,10,4,2019,2027438
288,15,2,41,10,4,2018,1522655
288,15,3,41,10,4,2019,2134789
289,16,3,41,10,4,2018,1623963
289,16,4,41,10,4,2019,2018174
290,17,4,41,10,4,2018,1596221
290,17,5,41,10,4,2019,2021920
291,18,5,41,10,4,2018,1570005
291,18,6,41,10,4,2019,1955226
292,19,6,41,10,4,2018,1460065
292,19,7,41,10,4,2019,1319441
293,20,7,41,10,4,2018,994447
293,20,1,42,10,4,2019,1361384
294,21,1,42,10,4,2018,969272
294,21,2,42,10,4,2019,2277063
295,22,2,42,10,4,2018,1269010
295,22,3,42,10,4,2019,2273386
296,23,3,42,10,4,2018,1691735
296,23,4,42,10,4,2019,2196504
297,24,4,42,10,4,2018,1656567
297,24,5,42,10,4,2019,1987050
298,25,5,42,10,4,2018,1621856
298,25,6,42,10,4,2019,1894291
299,26,6,42,10,4,2018,1495109
299,26,7,42,10,4,2019,1272208
300,27,7,42,10,4,2018,1014749
300,27,1,43,10,4,2019,1292776
301,28,1,43,10,4,2018,1022291
301,28,2,43,10,4,2019,2063109
302,29,2,43,10,4,2018,1645470
302,29,3,43,10,4,2019,2157818
303,30,3,43,10,4,2018,1702870
303,30,4,43,10,4,2019,2110331
304,31,4,43,10,4,2018,1660900
304,31,5,43,10,4,2019,2235588
305,1,5,43,11,4,2018,1505447
305,1,6,43,11,4,2019,1933665
306,2,6,43,11,4,2018,1424624
306,2,7,43,11,4,2019,1695409
307,3,7,43,11,4,2018,955639
307,3,1,44,11,4,2019,1319320
308,4,1,44,11,4,2018,984127
308,4,2,44,11,4,2019,2068695
309,5,2,44,11,4,2018,1565087
309,5,3,44,11,4,2019,2166980
310,6,3,44,11,4,2018,1614499
310,6,4,44,11,4,2019,2260145
311,7,4,44,11,4,2018,1583111
311,7,5,44,11,4,2019,2149605
312,8,5,44,11,4,2018,1580105
312,8,6,44,11,4,2019,1986816
313,9,6,44,11,4,2018,1464342
313,9,7,44,11,4,2019,1487019
314,10,7,44,11,4,2018,961052
314,10,1,45,11,4,2019,1307091
315,11,1,45,11,4,2018,994782
315,11,2,45,11,4,2019,2059518
316,12,3,45,11,4,2019,2203019
316,12,2,45,11,4,2018,1536114
317,13,3,45,11,4,2018,1571568
317,13,4,45,11,4,2019,2246215
318,14,4,45,11,4,2018,1614987
318,14,5,45,11,4,2019,2124655
319,15,5,45,11,4,2018,1584668
319,15,6,45,11,4,2019,2008037
320,16,6,45,11,4,2018,1466272
320,16,7,45,11,4,2019,1308896
321,17,7,45,11,4,2018,964410
321,17,1,46,11,4,2019,1353619
322,18,1,46,11,4,2018,1003502
322,18,2,46,11,4,2019,2142209
323,19,2,46,11,4,2018,1538993
323,19,3,46,11,4,2019,2202338
324,20,3,46,11,4,2018,1585834
324,20,4,46,11,4,2019,2161648
325,21,4,46,11,4,2018,1538168
325,21,5,46,11,4,2019,2132409
326,22,5,46,11,4,2018,1342185
326,22,6,46,11,4,2019,1975651
327,23,6,46,11,4,2018,1219043
327,23,7,46,11,4,2019,1296841
328,24,7,46,11,4,2018,892758
328,24,1,47,11,4,2019,1307128
329,25,1,47,11,4,2018,964160
329,25,2,47,11,4,2019,2186613
330,26,2,47,11,4,2018,1551515
330,26,3,47,11,4,2019,2174491
331,27,3,47,11,4,2018,1680713
331,27,4,47,11,4,2019,2086999
332,28,4,47,11,4,2018,1696028
332,28,5,47,11,4,2019,1865806
333,29,5,47,11,4,2018,1679906
333,29,6,47,11,4,2019,1648604
334,30,6,47,11,4,2018,1535595
334,30,7,47,11,4,2019,1234258
335,1,7,47,12,4,2018,1015213
335,1,1,48,12,4,2019,1359046
336,2,1,48,12,4,2018,1043355
336,2,2,48,12,4,2019,2206083
337,3,2,48,12,4,2018,1623053
337,3,3,48,12,4,2019,2355203
338,4,3,48,12,4,2018,1168796
338,4,4,48,12,4,2019,2279911
339,5,4,48,12,4,2018,1674308
339,5,5,48,12,4,2019,2223447
340,6,5,48,12,4,2018,1611106
340,6,6,48,12,4,2019,2173555
341,7,6,48,12,4,2018,1505448
341,7,7,48,12,4,2019,1309011
342,8,7,48,12,4,2018,991631
342,8,1,49,12,4,2019,1340443
343,9,1,49,12,4,2018,1031592
343,9,2,49,12,4,2019,2169633
344,10,2,49,12,4,2018,1637446
344,10,3,49,12,4,2019,2182407
345,11,3,49,12,4,2018,1658627
345,11,4,49,12,4,2019,2143715
346,12,4,49,12,4,2018,1606386
346,12,5,49,12,4,2019,2064429
347,13,5,49,12,4,2018,1558565
347,13,6,49,12,4,2019,1903109
348,14,6,49,12,4,2018,1431805
348,14,7,49,12,4,2019,1270734
349,15,7,49,12,4,2018,901717
349,15,1,50,12,4,2019,1291426
350,16,1,50,12,4,2018,887942
350,16,2,50,12,4,2019,2105302
351,17,2,50,12,4,2018,1489281
351,17,3,50,12,4,2019,2098910
352,18,3,50,12,4,2018,1540557
352,18,4,50,12,4,2019,2060489
353,19,4,50,12,4,2018,1505385
353,19,5,50,12,4,2019,2102920
354,20,5,50,12,4,2018,1458498
354,20,6,50,12,4,2019,1978167
355,21,6,50,12,4,2018,1297628
355,21,7,50,12,4,2019,1146804
356,22,7,50,12,4,2018,828790
356,22,1,51,12,4,2019,1141362
357,23,1,51,12,4,2018,805667
357,23,2,51,12,4,2019,1630523
358,24,2,51,12,4,2018,896121
358,24,3,51,12,4,2019,1362873
359,25,3,51,12,4,2018,800192
359,25,4,51,12,4,2019,1119265
360,26,4,51,12,4,2018,1032114
360,26,5,51,12,4,2019,1405039
361,27,5,51,12,4,2018,1125144
361,27,6,51,12,4,2019,1480031
362,28,6,51,12,4,2018,1127225
362,28,7,51,12,4,2019,1435823
363,29,7,51,12,4,2018,876778
363,29,1,52,12,4,2019,1578958
364,30,1,52,12,4,2018,758637
364,30,2,52,12,4,2019,1773437
365,31,2,52,12,4,2018,788449
365,31,3,52,12,4,2019,1304708
